資料区分,都道府県コード,警察署等コード,本票番号,事故内容,死者数,負傷者数,路線コード,上下線,地点コード,市区町村コード,発生日時　　年,発生日時　　月,発生日時　　日,発生日時　　時,発生日時　　分,昼夜,天候,地形,路面状態,道路形状,環状交差点の直径,信号機,一時停止規制　標識（当事者A）,一時停止規制　表示（当事者A）,一時停止規制　標識（当事者B）,一時停止規制　表示（当事者B）,車道幅員,道路線形,衝突地点,ゾーン規制,中央分離帯施設等,歩車道区分,事故類型,年齢（当事者A）,年齢（当事者B）,当事者種別（当事者A）,当事者種別（当事者B）,用途別（当事者A）,用途別（当事者B）,車両形状（当事者A）,車両形状（当事者B）,速度規制（指定のみ）（当事者A）,速度規制（指定のみ）（当事者B）,車両の衝突部位（当事者A）,車両の衝突部位（当事者B）,車両の損壊程度（当事者A）,車両の損壊程度（当事者B）,エアバッグの装備（当事者A）,エアバッグの装備（当事者B）,サイドエアバッグの装備（当事者A）,サイドエアバッグの装備（当事者B）,人身損傷程度（当事者A）,人身損傷程度（当事者B）,地点　緯度（北緯）,地点　経度（東経）,曜日(発生年月日),祝日(発生年月日)
1,52,105,0038,1,001,000,10240,0,0000,210,2020,06,02,11,00,12,2,3,1,14,00,7,00,23,00,23,03,9,01,70,4,2,41,75,00,52,76,00,00,00,00,00,00,10,00,3,0,0,0,0,0,1,0,360630601,1361856547,3,3
1,52,105,0039,2,000,001,20150,0,0000,210,2020,06,02,16,54,12,1,3,1,13,00,7,00,23,00,23,03,5,01,70,4,3,21,55,25,03,04,31,31,01,01,03,03,10,17,2,2,1,1,2,2,4,2,360820867,1361731333,3,3
1,52,105,0040,2,000,001,20790,0,0000,210,2020,05,28,06,20,12,1,3,1,01,00,3,09,22,09,22,15,9,30,70,4,2,21,35,55,13,04,31,31,11,01,03,04,10,20,3,2,2,2,2,2,2,4,360643373,1361647328,5,3
1,52,105,0041,2,000,001,99000,0,0000,210,2020,06,12,16,27,12,1,2,1,00,00,7,00,23,00,23,00,0,20,70,0,4,01,55,75,03,61,31,00,01,00,10,00,10,00,3,0,2,0,2,0,4,2,360907628,1361550090,6,3
1,52,105,0042,2,000,001,10350,0,0000,210,2020,06,10,07,57,12,1,2,1,01,00,1,09,22,09,22,15,9,30,70,4,2,21,55,01,04,51,31,00,01,00,03,00,80,20,3,4,2,0,2,0,4,2,360745715,1361330879,4,3
1,52,105,0043,2,000,001,03640,0,0000,210,2020,06,21,14,59,12,1,3,1,13,00,7,00,23,00,23,03,4,01,70,4,4,21,55,35,03,33,31,31,01,00,10,10,50,20,3,3,2,0,2,0,4,2,360709445,1361917657,1,3
1,52,106,0014,2,000,001,37000,0,0000,208,2020,06,09,14,30,12,1,3,1,14,00,7,00,23,00,23,02,9,01,70,5,4,21,65,35,03,04,01,31,01,01,10,10,50,40,3,3,2,2,2,2,4,2,361336084,1361117328,3,3
1,52,109,0041,1,001,000,37000,0,0000,423,2020,06,02,08,37,12,1,3,1,01,00,7,04,22,00,23,15,5,30,70,4,4,41,65,00,04,75,31,00,01,00,10,00,10,00,1,0,1,0,2,0,1,0,355818514,1360321853,3,3
1,52,109,0042,2,000,001,37000,0,0000,207,2020,06,06,17,53,12,2,2,1,01,00,7,04,22,09,22,15,9,30,70,5,4,21,55,55,03,04,31,31,01,01,10,10,10,40,3,3,2,1,2,2,4,2,355646248,1361043889,7,3
1,52,109,0043,2,000,001,20060,0,0000,207,2020,06,08,15,38,12,1,3,1,14,00,1,00,23,00,23,03,9,01,70,4,2,21,25,35,03,03,31,31,01,01,04,04,10,30,2,2,1,2,2,2,4,2,355649113,1360850565,2,3
1,52,109,0044,2,000,001,99000,0,0000,207,2020,06,18,09,53,12,2,3,1,00,00,7,00,23,00,23,00,0,20,70,0,4,01,75,75,03,61,31,00,01,00,10,00,10,00,3,0,2,0,2,0,4,2,355726131,1361227462,5,3
1,52,109,0045,2,000,001,20070,0,0000,207,2020,06,25,09,49,12,1,3,1,14,00,7,00,23,00,23,03,9,01,70,4,2,21,75,65,04,04,31,31,01,01,03,03,10,30,3,3,1,2,1,2,4,2,355656292,1361250197,5,3
1,52,111,0029,2,000,001,00080,1,0431,209,2020,05,11,13,58,12,1,2,1,01,00,1,09,22,09,22,15,9,30,70,1,2,21,25,45,03,04,31,31,01,01,10,10,80,10,2,2,1,1,2,1,2,4,355256231,1361041177,2,3
1,52,111,0030,2,000,001,37000,0,0000,209,2020,05,29,17,45,12,1,2,1,01,00,7,09,22,09,22,15,9,30,70,5,3,21,25,01,03,51,31,00,01,00,03,00,10,20,3,3,2,0,2,0,4,2,355536249,1360921709,6,3
1,52,111,0031,2,000,001,10340,0,0000,209,2020,06,09,16,17,12,1,2,1,01,00,7,09,22,00,23,15,9,30,70,4,2,01,01,35,03,61,31,00,01,00,04,00,40,00,4,0,2,0,2,0,4,2,355444670,1360918026,3,3
1,52,112,0042,2,000,001,21500,0,0000,202,2020,05,22,14,49,12,1,1,1,14,00,7,00,23,00,23,03,9,01,70,4,2,21,35,35,03,14,31,31,01,11,03,03,10,30,3,3,2,2,2,2,4,2,353852901,1360358433,6,3
1,52,112,0043,2,000,001,21500,0,0000,202,2020,05,25,07,54,12,1,2,1,14,00,7,00,23,00,23,04,9,01,70,4,2,21,01,75,03,04,31,31,01,01,03,03,70,50,3,3,2,2,2,2,2,4,353830063,1360332472,2,3
1,52,112,0044,2,000,002,37010,0,0000,442,2020,05,24,15,43,12,1,3,1,01,00,2,05,22,09,22,15,9,30,70,4,3,21,01,55,03,32,31,31,01,00,10,04,50,10,2,2,2,0,2,0,4,2,353615575,1355512667,1,3
1,52,112,0045,2,000,001,37000,0,0000,202,2020,06,04,09,30,12,1,2,1,01,00,7,09,22,09,22,17,9,30,70,4,2,21,65,65,04,36,31,31,01,00,10,02,50,10,3,3,2,0,2,0,4,2,353847858,1360322742,5,3
1,52,112,0046,2,000,001,37000,0,0000,202,2020,06,12,12,37,12,3,3,2,01,00,7,01,21,09,22,14,9,30,70,5,3,21,65,01,03,03,31,31,01,01,10,03,10,50,3,3,2,2,2,2,4,2,353759586,1360240471,6,3
1,52,112,0047,2,000,001,00270,1,0140,442,2020,05,27,12,30,12,1,3,1,14,00,1,00,23,00,23,03,9,01,70,4,2,21,65,45,03,03,31,31,01,01,04,04,10,13,3,3,2,2,2,2,4,2,353622964,1355644882,4,3
1,52,112,0048,2,000,001,00270,1,0013,202,2020,05,29,15,50,12,1,2,1,01,00,1,09,22,09,22,19,9,30,70,5,2,21,75,45,04,31,31,31,01,00,10,10,40,10,2,2,2,0,2,0,4,2,353755604,1360409792,6,3
1,52,112,0049,2,000,001,00270,2,0101,442,2020,06,10,08,55,12,1,3,1,14,00,1,00,23,00,23,05,9,01,70,1,3,21,25,25,17,17,31,31,11,11,10,10,10,31,3,2,1,1,2,2,4,2,353654888,1355857260,4,3
1,52,112,0050,2,000,001,00270,1,2840,501,2020,06,16,12,40,12,1,3,1,14,00,7,00,23,00,23,03,9,01,70,4,2,21,65,35,03,03,31,31,01,01,04,04,15,15,2,2,2,1,2,1,4,2,353011776,1355359474,3,3
1,52,112,0051,2,000,001,00080,1,0464,202,2020,06,15,00,35,22,3,1,2,01,00,1,00,23,00,23,17,9,30,70,4,1,01,55,00,61,00,00,00,00,00,00,00,00,00,0,0,0,0,0,0,2,0,353908988,1360422600,2,3
1,52,112,0052,2,000,001,37000,0,0000,202,2020,06,24,17,10,12,1,3,1,07,00,7,00,23,00,23,03,8,01,70,4,2,21,35,45,03,13,31,31,01,11,04,04,30,10,3,3,2,2,2,2,2,4,353842276,1360210959,4,3
1,52,112,0054,2,000,002,21350,0,0000,442,2020,06,23,13,14,12,2,3,1,07,00,1,00,23,00,23,03,9,01,70,4,3,21,75,75,03,04,31,31,01,01,04,04,10,30,3,3,2,2,2,2,4,2,353613158,1355558945,3,3
1,52,113,0013,2,000,001,10310,0,0000,204,2020,05,29,10,26,12,1,1,1,01,00,1,09,22,09,22,15,9,30,70,5,2,21,65,55,04,35,31,31,01,00,04,04,50,10,3,3,2,0,2,0,4,2,352942708,1354449593,6,3
1,52,113,0014,2,000,001,00270,2,0510,204,2020,05,30,15,20,12,1,3,1,14,00,7,00,23,00,23,03,8,01,70,4,4,21,25,25,03,04,31,31,01,01,04,04,18,60,2,3,1,2,1,2,4,4,352901451,1354219927,7,3
1,52,113,0015,2,000,001,20110,0,0000,204,2020,06,09,20,08,21,1,2,1,12,00,7,00,23,00,23,03,5,01,70,4,2,21,35,25,51,51,00,00,00,00,00,00,10,10,3,3,0,0,0,0,4,2,353008239,1354515643,3,3
1,52,114,0072,2,000,001,37000,0,0000,201,2020,05,25,14,52,12,2,2,1,14,00,7,00,23,00,23,03,9,01,70,4,2,21,45,55,03,04,31,31,01,01,03,03,10,30,3,3,2,2,2,2,4,2,360228843,1361318462,2,3
1,52,114,0073,2,000,001,37000,0,0000,201,2020,05,22,18,00,13,1,2,1,14,00,1,00,23,00,23,05,9,01,70,4,2,01,25,65,03,61,31,00,01,00,04,00,50,00,4,0,2,0,2,0,4,2,360324472,1361117246,6,3
1,52,114,0074,2,000,001,04160,0,0000,201,2020,05,11,07,45,12,2,3,1,07,00,1,00,23,00,23,02,9,01,70,4,2,21,25,01,03,04,31,31,01,01,03,03,30,10,3,3,2,2,2,2,2,4,360802701,1360938704,2,3
1,52,114,0076,2,000,003,03050,0,0000,201,2020,06,01,13,10,12,2,3,1,13,00,7,00,23,00,23,03,5,01,70,4,4,21,25,35,03,04,31,31,01,01,04,04,50,50,1,1,1,1,2,1,4,2,360725562,1360322229,2,3
1,52,114,0078,2,000,001,37000,0,0000,201,2020,06,11,18,22,13,1,2,2,01,00,7,01,22,09,22,15,9,30,70,4,2,21,65,35,03,03,31,31,01,01,10,10,80,40,3,2,2,1,2,2,4,2,360214177,1361356691,5,3
1,52,114,0079,2,000,001,00080,1,4135,201,2020,05,28,15,55,12,1,3,1,14,00,7,00,23,00,23,05,8,01,70,1,2,21,55,55,03,04,31,31,01,01,10,10,10,30,3,3,2,2,2,2,4,2,360138558,1361318187,5,3
1,52,114,0080,2,000,002,10340,0,0000,201,2020,06,07,16,56,12,1,2,1,07,00,7,00,23,00,23,03,9,01,70,4,2,21,45,55,03,04,31,31,01,01,03,03,80,31,3,2,2,2,2,2,4,2,360249402,1361149705,1,3
1,52,114,0081,2,000,001,37000,0,0000,201,2020,05,30,13,32,12,1,3,1,01,00,7,09,22,09,22,14,9,30,70,4,2,21,75,45,03,04,31,31,01,01,03,03,30,10,3,3,2,2,2,2,4,4,360617381,1361036526,7,3
1,52,114,0082,2,000,001,99000,0,0000,201,2020,06,05,16,36,12,1,3,1,00,00,7,00,23,00,23,00,0,20,70,0,4,01,45,75,03,61,31,00,01,00,10,00,20,00,4,0,2,0,2,0,4,2,360316464,1361033110,6,3
1,52,101,0116,1,001,000,37000,0,0000,201,2020,06,30,17,00,12,2,1,2,14,00,7,00,23,00,23,03,9,01,70,4,2,01,55,65,17,61,31,00,11,00,03,00,10,00,3,0,2,0,2,0,4,1,360415912,1361207970,3,3
1,52,101,0117,2,000,001,37000,0,0000,201,2020,06,13,08,35,12,3,3,2,01,00,7,09,22,09,22,15,9,30,70,4,3,21,45,65,03,04,31,31,01,01,10,10,10,40,3,3,1,2,2,2,4,2,360632491,1361236337,7,3
1,52,101,0118,1,001,000,37000,0,0000,322,2020,07,06,17,00,12,3,2,2,01,00,1,01,22,00,23,15,7,20,70,5,4,41,65,00,51,76,00,00,00,00,00,00,00,00,3,0,0,0,0,0,1,0,360557180,1361843002,2,3
1,52,101,0120,2,000,001,37000,0,0000,201,2020,06,30,17,05,12,1,2,2,01,00,7,01,22,09,22,15,9,30,70,4,2,21,55,25,03,03,31,31,01,01,02,03,40,50,3,3,2,2,2,2,4,2,360309459,1361424249,3,3
1,52,101,0121,2,000,002,20970,0,0000,201,2020,06,14,18,57,13,3,1,2,01,00,1,09,22,09,22,15,9,30,70,5,2,21,01,25,03,03,31,31,01,01,03,03,50,80,2,2,2,2,2,2,4,2,360300698,1361400752,1,3
1,52,101,0122,2,000,001,37000,0,0000,201,2020,07,05,10,16,12,1,2,1,01,00,7,01,22,09,22,14,9,30,70,5,4,21,75,45,03,04,31,31,01,01,10,10,50,80,3,3,2,2,2,2,4,2,360343704,1361412855,1,3
1,52,101,0123,2,000,001,37000,0,0000,201,2020,05,28,08,20,12,1,3,1,01,00,7,01,22,09,22,14,9,30,70,5,2,21,55,45,03,51,31,00,01,00,10,00,10,20,3,2,2,0,2,0,4,2,360517862,1361520653,5,3
1,52,101,0124,2,000,001,37000,0,0000,201,2020,07,04,15,28,12,3,2,2,14,00,7,00,23,00,23,03,9,01,70,5,4,21,25,25,03,03,31,31,01,01,10,10,80,70,3,3,2,2,2,2,4,2,360527979,1361359661,7,3
1,52,101,0125,2,000,001,04160,0,0000,201,2020,06,30,19,55,21,3,2,2,01,00,1,09,22,09,22,15,9,30,70,4,2,21,25,35,03,04,31,31,01,01,04,04,80,10,2,2,1,1,2,2,4,2,360455696,1361205701,3,3
1,52,101,0126,2,000,001,37000,0,0000,201,2020,07,18,00,00,22,2,1,1,01,00,7,01,22,09,22,15,9,30,70,5,3,21,25,45,03,03,31,31,01,01,10,10,10,40,3,3,2,2,2,2,4,4,360342036,1361305718,7,3
1,52,101,0127,2,000,001,20190,0,0000,201,2020,07,11,15,20,12,2,3,1,01,00,2,01,22,09,22,15,9,30,70,5,2,21,25,01,04,04,31,31,01,01,04,10,80,10,3,3,2,2,2,2,4,2,360352796,1361620341,7,3
1,52,101,0128,2,000,001,37000,0,0000,201,2020,07,02,09,36,12,3,2,2,14,00,7,00,23,00,23,05,9,01,70,4,2,21,45,01,03,33,31,31,01,00,04,04,30,10,3,3,2,0,2,0,2,4,360418574,1361412312,5,3
1,52,101,0129,2,000,001,37000,0,0000,201,2020,07,08,19,26,21,2,1,1,01,00,7,09,22,09,22,15,9,30,70,5,3,21,45,55,13,04,31,31,11,01,10,10,10,40,2,2,2,2,2,2,4,2,360342051,1361412659,4,3
1,52,101,0130,2,000,001,37000,0,0000,201,2020,07,23,11,40,12,3,2,1,14,00,7,00,23,00,23,03,9,01,70,4,3,21,45,45,03,04,31,31,01,01,03,03,10,30,3,3,2,2,2,2,4,2,360632572,1361331361,5,1
1,52,101,0131,2,000,001,00080,2,4105,201,2020,07,18,12,43,12,1,2,1,14,00,7,00,23,00,23,05,9,01,70,1,2,21,25,01,03,03,31,31,01,01,10,10,10,30,3,3,2,2,2,2,4,2,360251248,1361422379,7,3
1,52,101,0132,2,000,001,37000,0,0000,201,2020,07,14,18,25,13,3,3,2,01,00,7,01,22,09,22,15,9,30,70,4,3,21,01,45,03,03,31,31,01,01,10,04,10,20,2,2,1,2,2,1,4,2,360429617,1361527796,3,3
1,52,101,0133,2,000,001,10010,0,0000,201,2020,07,14,16,20,12,3,1,2,01,00,7,01,22,09,22,18,9,30,70,4,2,21,65,01,14,51,31,00,11,00,10,00,80,20,3,3,2,0,2,0,4,2,360503607,1361232313,3,3
1,52,101,0134,2,000,001,37000,0,0000,201,2020,07,23,13,15,12,2,2,1,14,00,7,00,23,00,23,04,9,01,70,4,2,21,45,01,04,14,31,31,01,11,04,04,10,30,3,3,2,2,2,2,4,2,360415516,1361226406,5,1
1,52,103,0009,1,002,000,01580,0,0000,205,2020,06,27,13,10,12,1,3,1,13,00,7,00,23,00,23,03,5,20,70,4,4,41,65,00,04,76,31,00,01,00,04,00,10,00,1,0,1,0,2,0,1,0,355233562,1364500746,7,3
1,52,103,0010,2,000,001,37000,0,0000,205,2020,07,09,16,31,12,1,1,1,01,00,7,01,22,09,22,14,9,30,70,5,4,21,55,45,03,03,31,31,01,01,02,10,50,80,2,2,2,2,2,2,4,2,355906325,1362923742,5,3
1,52,104,0004,2,000,002,37000,0,0000,206,2020,07,06,18,30,13,3,2,2,01,00,1,09,22,09,22,15,9,30,70,5,2,21,01,45,04,04,31,31,01,01,03,03,10,60,3,3,2,2,2,2,4,2,360339324,1363026086,2,3
1,52,105,0044,2,000,001,10240,0,0000,210,2020,06,15,06,41,12,2,2,1,01,00,3,09,22,09,22,15,9,30,70,4,2,21,25,35,03,04,31,31,01,01,04,03,10,40,2,2,1,1,2,2,4,2,360935487,1361640112,2,3
1,52,105,0045,2,000,001,37000,0,0000,210,2020,06,28,16,42,12,1,3,1,01,00,7,09,22,01,21,15,7,30,70,4,2,21,25,01,04,51,31,00,01,00,04,00,84,12,3,3,2,0,2,0,4,2,360800486,1361340638,1,3
1,52,105,0046,2,000,001,99000,0,9999,210,2020,06,07,14,08,12,1,2,1,00,00,7,00,23,00,23,00,0,20,70,0,4,01,55,01,03,61,31,00,01,00,10,00,50,00,4,0,2,0,2,0,4,2,360743499,1361311540,1,3
1,52,105,0047,2,000,001,37000,0,0000,210,2020,07,04,10,09,12,3,2,2,01,00,7,04,22,09,22,15,9,30,70,4,3,21,75,35,03,03,01,31,01,01,10,10,70,10,3,3,2,2,2,2,4,2,360837419,1361627337,7,3
1,52,105,0048,2,000,001,00080,1,0000,210,2020,06,24,08,49,12,1,2,1,07,00,1,00,23,00,23,04,9,01,70,1,2,21,65,25,03,04,31,31,01,01,10,10,10,30,3,3,2,2,2,2,4,2,360847072,1361552599,4,3
1,52,105,0049,2,000,001,37000,0,0000,210,2020,07,10,08,03,12,3,3,2,01,00,7,09,22,09,22,14,9,30,70,4,3,21,25,35,04,04,31,31,01,01,04,10,40,50,2,2,2,1,2,2,4,2,360844295,1361509053,6,3
1,52,105,0050,2,000,002,00080,2,0403,210,2020,07,10,10,39,12,3,2,2,12,00,7,00,23,00,23,05,9,01,70,1,2,21,35,65,11,03,01,31,11,01,10,10,10,31,3,2,2,2,2,2,4,2,360644139,1361524168,6,3
1,52,105,0051,2,000,001,20030,0,0000,210,2020,07,20,07,15,12,1,3,1,13,00,7,00,23,00,23,03,3,01,70,4,2,21,45,01,03,04,31,31,01,01,10,03,40,50,3,3,2,2,2,2,4,2,360814802,1361101215,2,3
1,52,106,0015,2,000,001,10010,0,0000,208,2020,06,24,23,27,22,1,2,1,01,00,3,09,22,09,22,15,9,30,70,4,3,21,45,01,13,04,31,31,11,01,04,10,70,10,3,2,2,1,2,2,2,4,361142432,1361134911,4,3
1,52,106,0016,2,000,002,20720,0,0000,208,2020,06,20,12,20,12,1,3,1,01,00,7,01,22,09,22,15,9,30,70,5,2,21,35,65,03,03,31,31,01,01,10,10,15,26,3,3,2,2,2,1,2,2,361131791,1361419842,7,3
1,52,107,0012,2,000,001,37000,0,0000,210,2020,07,03,21,30,22,3,2,2,14,00,7,00,23,00,23,02,9,01,70,5,3,01,35,45,03,61,31,00,01,00,10,00,10,00,2,0,2,0,2,0,4,2,361245838,1360931201,6,3
1,52,107,0013,2,000,001,37000,0,0000,210,2020,06,08,09,47,12,1,2,1,01,00,7,09,22,00,23,14,9,30,70,4,3,41,75,00,02,76,01,00,01,00,03,00,00,00,4,0,2,0,2,0,4,0,361402120,1360915868,2,3
1,52,109,0046,2,000,001,37000,0,0000,423,2020,06,23,16,22,12,1,3,1,13,00,7,00,23,00,23,03,3,01,70,4,3,21,45,01,14,51,31,00,11,00,10,00,50,10,3,3,2,0,2,0,4,2,355701017,1361058673,3,3
1,52,109,0047,2,000,002,37000,0,0000,207,2020,07,04,08,38,12,3,2,2,01,00,7,01,22,09,22,14,9,30,70,5,4,21,25,45,03,14,31,31,01,11,10,10,10,70,3,2,2,2,2,2,2,2,355820518,1361026733,7,3
1,52,109,0048,2,000,001,10250,0,0000,207,2020,07,10,17,38,12,3,2,1,01,00,1,09,22,09,22,15,9,30,70,4,2,21,45,25,03,03,31,31,01,01,04,03,20,10,3,2,2,2,2,2,4,2,355712018,1361243556,6,3
1,52,109,0049,2,000,001,10340,0,0000,207,2020,07,08,07,31,12,3,3,1,14,00,7,00,23,00,23,03,9,01,70,4,2,21,25,35,03,03,31,31,01,01,10,10,10,30,3,3,2,2,2,2,4,2,355801911,1360844238,4,3
1,52,111,0032,2,000,001,21220,0,0000,209,2020,06,17,07,50,12,2,2,1,14,00,7,00,23,00,23,03,9,01,70,4,2,21,35,35,04,14,31,31,01,11,04,04,30,10,2,3,2,2,2,2,2,4,355319596,1361201998,4,3
1,52,111,0033,2,000,001,37000,0,0000,404,2020,07,14,14,00,12,3,3,1,01,00,7,01,22,09,22,15,9,30,70,4,3,21,75,75,14,14,31,31,11,11,10,04,10,20,3,3,2,2,2,2,4,2,355025308,1361057234,3,3
1,52,111,0034,2,000,001,21540,0,0000,209,2020,07,12,11,30,12,2,2,1,14,00,7,00,23,00,23,04,9,01,70,4,2,21,45,75,03,04,31,31,01,01,04,04,30,10,3,2,2,1,2,2,2,4,355601682,1360952818,1,3
1,52,112,0053,2,000,001,00080,1,4600,202,2019,09,18,21,55,22,1,3,1,14,00,7,00,23,00,23,03,9,01,70,4,2,21,45,25,11,51,01,00,11,00,04,00,80,20,3,3,2,0,2,0,4,2,354058123,1360510193,4,3
1,52,112,0055,2,000,001,37000,0,0000,202,2020,06,07,02,54,22,1,2,1,01,00,3,09,22,09,22,15,9,30,70,4,2,21,25,65,03,03,31,31,01,01,10,03,50,80,2,2,1,1,1,1,4,4,353901431,1360350318,1,3
1,52,112,0056,2,000,001,37000,0,0000,202,2020,05,04,17,50,13,2,2,1,14,00,7,00,23,00,23,03,9,20,70,5,4,41,65,00,51,76,00,00,00,00,00,00,20,00,3,0,0,0,0,0,2,0,353750293,1360357797,2,1
1,52,112,0057,2,000,001,99000,0,0000,202,2020,07,15,09,51,12,3,2,2,00,00,7,00,23,00,23,00,0,20,70,0,4,01,65,75,03,61,31,00,01,00,10,00,10,00,4,0,2,0,2,0,4,2,353804018,1360252656,4,3
1,52,112,0058,1,001,002,37000,0,0000,202,2020,07,27,14,29,12,2,1,1,01,00,7,09,22,04,22,15,7,30,70,5,4,21,35,35,11,04,01,31,11,01,10,10,10,20,2,1,1,1,2,1,4,2,353917472,1360305558,2,3
1,52,112,0059,2,000,002,00270,1,0032,202,2020,07,16,17,45,12,1,2,1,14,00,7,00,23,00,23,05,9,01,70,1,2,21,01,01,03,04,31,31,01,01,10,10,52,70,2,3,2,2,2,2,4,2,353800208,1360253682,5,3
1,52,112,0060,2,000,001,21500,0,0000,202,2020,07,20,16,20,12,1,2,1,14,00,7,00,23,00,23,03,9,01,70,4,2,21,55,65,04,14,31,31,01,11,03,03,30,10,3,3,2,2,2,2,2,4,353738773,1360254097,2,3
1,52,112,0061,2,000,001,37000,0,0000,202,2020,07,10,11,14,12,3,1,2,07,00,7,00,23,00,23,04,9,01,70,4,2,21,35,65,04,14,31,31,01,11,03,03,30,10,3,3,2,2,2,2,2,4,353904731,1360402596,6,3
1,52,113,0016,2,000,001,37000,0,0000,204,2020,07,19,20,04,21,1,3,1,01,00,7,09,22,09,21,14,9,30,70,4,2,21,55,35,03,03,31,31,01,01,10,10,80,20,3,3,2,2,2,2,4,2,353003218,1354416203,1,3
1,52,114,0083,2,000,001,00080,1,4171,201,2020,02,27,16,12,12,2,3,1,07,00,1,00,23,00,23,05,9,01,70,1,2,21,35,45,03,13,31,31,01,11,10,10,10,30,3,3,2,2,2,2,4,2,355947277,1361222337,5,3
1,52,114,0084,2,000,001,37000,0,0000,201,2020,06,29,15,35,12,1,1,1,14,00,1,00,23,00,23,03,9,01,70,4,2,21,55,35,03,04,31,31,01,01,03,03,10,30,3,3,2,2,2,2,4,2,360245594,1361310618,2,3
1,52,114,0085,2,000,001,00080,1,0416,201,2020,06,24,07,38,12,1,3,1,14,00,7,00,23,00,23,04,9,01,70,1,2,21,01,65,04,04,31,31,01,01,10,10,80,60,3,2,1,2,2,2,4,2,355949927,1361222592,4,3
1,52,114,0087,2,000,001,37000,0,0000,201,2020,06,27,12,36,12,1,3,1,01,00,7,01,22,09,22,15,9,30,70,4,2,21,25,35,03,03,31,31,01,01,10,04,40,80,3,2,2,1,2,2,4,2,360115799,1361556357,7,3
1,52,114,0088,2,000,002,37000,0,0000,201,2020,07,05,00,30,22,2,1,1,14,00,7,00,23,00,23,03,9,01,70,5,4,21,01,65,13,04,31,31,11,01,10,10,30,10,3,3,2,2,2,2,4,2,360227317,1361356078,1,3
1,52,114,0089,2,000,001,37000,0,0000,201,2020,06,11,18,24,13,3,2,2,01,00,7,09,22,09,22,15,9,30,70,5,2,21,25,45,03,04,31,31,01,01,10,10,80,20,3,3,2,2,2,2,4,2,360138186,1361248684,5,3
1,52,114,0090,2,000,001,00080,2,4163,201,2020,07,07,14,20,12,3,3,2,07,00,1,00,23,00,23,04,9,01,70,1,2,21,01,01,03,04,31,31,01,01,10,10,60,86,2,2,2,1,2,1,2,4,360011237,1361228693,3,3
1,52,114,0091,2,000,001,37000,0,0000,201,2020,05,28,18,15,13,1,1,1,01,00,1,09,22,00,23,14,9,30,70,5,2,01,01,45,03,61,31,00,01,00,03,00,10,00,4,0,2,0,2,0,4,2,360237701,1361055845,5,3