資料区分,都道府県コード,警察署等コード,本票番号,事故内容,死者数,負傷者数,路線コード,上下線,地点コード,市区町村コード,発生日時　　年,発生日時　　月,発生日時　　日,発生日時　　時,発生日時　　分,昼夜,天候,地形,路面状態,道路形状,環状交差点の直径,信号機,一時停止規制　標識（当事者A）,一時停止規制　表示（当事者A）,一時停止規制　標識（当事者B）,一時停止規制　表示（当事者B）,車道幅員,道路線形,衝突地点,ゾーン規制,中央分離帯施設等,歩車道区分,事故類型,年齢（当事者A）,年齢（当事者B）,当事者種別（当事者A）,当事者種別（当事者B）,用途別（当事者A）,用途別（当事者B）,車両形状（当事者A）,車両形状（当事者B）,速度規制（指定のみ）（当事者A）,速度規制（指定のみ）（当事者B）,車両の衝突部位（当事者A）,車両の衝突部位（当事者B）,車両の損壊程度（当事者A）,車両の損壊程度（当事者B）,エアバッグの装備（当事者A）,エアバッグの装備（当事者B）,サイドエアバッグの装備（当事者A）,サイドエアバッグの装備（当事者B）,人身損傷程度（当事者A）,人身損傷程度（当事者B）,地点　緯度（北緯）,地点　経度（東経）,曜日(発生年月日),祝日(発生年月日)
1,52,114,0092,2,000,001,99000,0,0000,201,2020,06,11,00,00,22,2,2,1,00,00,7,00,23,00,23,00,0,20,70,0,4,01,55,75,04,61,31,00,01,00,10,00,40,00,4,0,2,0,2,0,4,2,360323834,1361048928,5,3
1,52,114,0093,2,000,001,10340,0,0000,201,2020,06,29,17,33,12,1,3,1,07,00,1,00,23,00,23,03,9,01,70,4,2,21,01,25,03,04,31,31,01,01,10,10,10,30,3,2,2,2,2,2,4,2,360208515,1361008557,2,3
1,52,114,0094,2,000,001,10100,0,0000,201,2020,07,27,08,06,12,2,1,2,01,00,7,09,22,09,22,15,9,30,70,4,2,21,45,01,04,51,31,00,01,00,04,00,40,10,3,3,2,0,2,0,4,2,360341488,1361203280,2,3
1,52,114,0095,2,000,001,10340,0,0000,201,2020,07,25,08,11,12,3,1,2,01,00,1,09,22,09,22,15,9,30,70,5,2,21,75,65,03,04,31,31,01,01,10,04,10,20,1,1,1,2,1,2,4,2,360228040,1361036176,7,3
1,52,114,0098,2,000,001,00080,1,1571,201,2020,07,28,01,56,22,1,3,1,07,00,7,00,23,00,23,05,9,01,70,1,2,21,45,01,12,04,01,31,11,01,10,10,30,10,3,2,2,1,2,2,2,4,355947226,1361222366,3,3
1,52,101,0135,2,000,001,37000,0,0000,201,2020,07,04,07,51,12,2,1,2,01,00,1,09,22,09,22,15,9,30,70,5,2,21,45,01,03,04,31,31,01,01,03,03,20,10,2,2,2,1,2,2,2,4,360326684,1361423995,7,3
1,52,101,0136,2,000,001,10010,0,0000,201,2020,07,28,07,46,12,2,3,1,12,00,7,00,23,00,23,04,9,01,70,1,2,21,45,25,03,03,31,31,01,01,10,10,10,30,3,3,2,2,2,2,4,2,360611959,1361243750,3,3
1,52,101,0137,2,000,001,00080,2,0407,201,2020,07,21,19,52,21,2,1,2,01,00,1,09,22,09,22,18,9,30,70,1,2,21,35,01,03,51,31,00,01,00,10,00,10,40,3,3,2,0,2,0,4,2,360418299,1361436353,3,3
1,52,101,0138,2,000,001,37000,0,0000,201,2020,07,28,17,22,12,3,2,2,14,00,7,00,23,00,23,03,9,01,70,4,2,01,25,01,13,61,31,00,11,00,03,00,10,00,3,0,2,0,2,0,4,2,360427347,1361224981,3,3
1,52,101,0139,1,001,000,04160,0,0000,201,2020,08,06,19,30,21,1,2,1,07,00,1,00,23,00,23,05,9,01,70,4,3,01,01,75,04,61,31,00,01,00,04,00,10,00,3,0,2,0,2,0,4,1,360509758,1361547838,5,3
1,52,101,0140,2,000,004,10010,0,0000,201,2020,08,04,08,32,12,1,1,1,07,00,1,00,23,00,23,06,9,01,70,4,2,21,35,45,03,04,31,31,01,01,04,04,10,31,3,3,2,2,2,2,4,2,360333804,1361316465,3,3
1,52,101,0141,2,000,001,00080,1,4060,201,2020,07,29,21,25,22,2,2,1,01,00,7,09,22,01,22,17,9,30,70,1,2,21,01,25,03,04,31,31,01,01,10,10,70,50,3,3,2,2,2,2,2,4,360512211,1361451934,4,3
1,52,101,0142,2,000,001,10010,0,0000,201,2020,07,24,21,12,22,3,3,2,14,00,7,00,23,00,23,03,9,01,70,4,4,21,25,25,03,03,31,31,01,01,04,04,50,50,3,3,2,2,2,2,4,2,360656839,1361213963,6,1
1,52,101,0143,2,000,001,37000,0,0000,201,2020,07,19,18,10,12,1,2,1,01,00,7,09,22,01,21,15,9,30,70,4,2,21,35,25,03,33,31,31,01,00,10,03,00,40,4,3,2,0,2,0,4,2,360532808,1361342792,1,3
1,52,101,0144,2,000,001,04160,0,0000,201,2020,07,30,17,20,12,1,3,1,14,00,7,00,23,00,23,04,9,01,70,1,2,21,55,45,17,04,31,31,11,01,10,10,10,30,3,3,2,2,2,2,4,2,360520666,1361149826,5,3
1,52,101,0145,2,000,001,37000,0,0000,201,2020,07,22,21,23,22,1,2,1,01,00,7,09,22,09,22,14,9,30,70,5,2,21,65,01,03,51,31,00,01,00,03,00,52,14,3,3,2,0,2,0,4,2,360335736,1361315447,4,2
1,52,101,0146,2,000,001,37000,0,0000,201,2020,07,10,13,16,12,2,2,1,07,00,1,00,23,00,23,04,9,01,70,4,2,21,75,25,03,04,31,31,01,01,03,03,10,30,3,3,2,2,2,2,4,2,360403840,1361355871,6,3
1,52,101,0147,2,000,001,37000,0,0000,201,2020,08,04,12,40,12,1,3,1,01,00,7,01,22,09,22,15,9,30,70,4,3,21,35,55,03,04,31,31,01,01,10,10,10,60,3,3,2,2,2,2,4,2,360511549,1361505074,3,3
1,52,101,0148,2,000,001,37000,0,0000,201,2020,07,24,17,15,12,3,3,1,01,00,7,09,22,04,21,15,9,30,70,5,4,21,55,01,03,04,31,31,01,01,02,10,50,80,3,3,2,2,2,2,4,4,360446590,1361419255,6,1
1,52,101,0149,2,000,001,10010,0,0000,201,2020,07,28,19,30,21,3,2,2,07,00,1,00,23,00,23,04,9,01,70,1,2,21,25,00,03,00,31,00,01,00,04,00,30,00,3,0,2,0,2,0,2,0,360339361,1361301544,3,3
1,52,101,0150,2,000,001,99000,0,0000,201,2020,08,01,11,00,12,1,3,1,00,00,7,00,23,00,23,00,0,20,70,0,4,21,65,01,03,03,31,31,01,01,10,10,30,10,3,3,2,2,2,2,4,2,360508573,1361149781,7,3
1,52,101,0151,2,000,001,37000,0,0000,322,2020,08,11,13,59,12,1,3,1,14,00,7,00,23,00,23,03,9,01,70,4,2,21,35,55,03,14,31,31,01,11,04,04,30,10,3,3,2,2,2,2,2,4,360634103,1361750112,3,3
1,52,101,0152,2,000,001,37000,0,0000,201,2020,07,07,08,19,12,2,2,2,14,00,7,00,23,00,23,05,9,01,70,4,2,21,35,01,04,51,31,00,01,00,04,00,00,00,4,3,2,0,2,0,4,2,360434015,1361439974,3,3
1,52,101,0153,2,000,001,10360,0,0000,201,2020,08,18,11,03,12,1,2,1,01,00,1,09,22,09,22,18,9,30,70,4,2,21,01,65,04,51,31,00,01,00,04,00,70,10,3,3,2,0,2,0,4,2,360413916,1361305787,3,3
1,52,101,0154,2,000,001,20200,0,0000,201,2020,08,11,21,55,22,2,2,1,01,00,1,09,22,09,22,15,9,30,70,4,2,21,01,35,04,04,31,31,01,01,04,04,40,10,3,3,1,1,2,2,4,2,360407262,1361151032,3,3
1,52,101,0155,2,000,001,37000,0,0000,322,2020,08,23,17,50,13,1,3,1,14,00,7,00,23,00,23,02,9,01,70,5,4,41,75,00,51,76,00,00,00,00,00,00,00,00,3,0,0,0,0,0,2,0,360447013,1362352629,1,3
1,52,101,0156,2,000,001,37000,0,0000,201,2020,07,22,16,11,12,1,2,1,01,00,7,09,22,01,21,15,9,30,70,5,4,21,65,01,14,51,01,00,11,00,02,00,10,40,3,2,2,0,2,0,4,2,360447729,1361226178,4,2
1,52,101,0157,2,000,001,37000,0,0000,201,2020,07,21,16,32,12,1,1,1,14,00,7,00,23,00,23,03,9,01,70,5,3,21,35,65,03,51,31,00,01,00,10,00,10,40,3,2,2,0,2,0,4,2,360522878,1361420028,3,3
1,52,101,0159,2,000,001,00080,0,0000,201,2020,08,20,12,52,12,1,2,1,01,00,7,01,21,09,22,15,9,30,70,5,2,21,55,55,03,03,31,31,01,01,10,10,50,80,3,3,2,2,2,2,4,2,360442625,1361442162,5,3
1,52,103,0011,2,000,001,20850,0,0000,205,2020,07,23,07,23,12,3,3,1,01,00,7,04,21,09,22,15,9,30,70,5,3,21,65,25,13,04,31,31,11,01,03,04,80,26,3,2,2,1,2,2,4,2,360022497,1363120889,5,1
1,52,103,0012,2,000,001,01580,0,0000,205,2020,08,02,11,20,12,1,3,1,13,00,7,00,23,00,23,03,2,01,70,4,4,41,45,00,32,75,31,00,00,00,04,00,10,00,2,0,0,0,0,0,2,0,355247665,1364404604,1,3
1,52,104,0005,2,000,001,10240,0,0000,206,2020,08,08,14,00,12,1,2,1,01,00,7,01,21,09,22,18,9,30,70,4,2,21,75,55,03,04,31,31,01,01,03,03,80,10,1,1,1,1,1,2,4,2,360304036,1363024696,7,3
1,52,105,0052,2,000,001,00080,1,3984,210,2020,07,21,11,28,12,1,2,1,14,00,7,00,23,00,23,05,9,01,70,1,2,21,45,65,11,12,01,01,11,11,10,10,30,10,3,2,2,2,2,2,2,4,360909897,1361552904,3,3
1,52,105,0053,2,000,002,20770,0,0000,210,2020,07,12,09,45,12,2,2,1,01,00,7,09,22,09,22,14,8,30,70,4,3,21,35,55,03,03,31,31,01,01,10,03,15,47,3,2,2,2,2,2,4,2,360732885,1361423113,1,3
1,52,105,0054,2,000,001,10350,0,0000,210,2020,07,30,18,24,13,2,3,1,14,00,1,00,23,00,23,03,9,01,70,4,2,21,55,75,03,13,31,31,01,11,10,10,30,10,3,3,2,2,2,2,2,4,361103598,1361318467,5,3
1,52,105,0055,2,000,001,20170,0,0000,210,2020,02,06,08,07,12,2,3,3,14,00,7,00,23,00,23,03,9,01,70,5,2,21,25,35,03,03,31,31,01,01,04,04,10,30,3,3,2,2,2,2,4,2,360656066,1361557283,5,3
1,52,105,0056,2,000,001,20770,0,0000,210,2020,07,30,15,53,12,1,3,1,01,00,7,09,22,09,22,14,9,30,70,5,4,21,45,01,03,51,31,00,01,00,03,00,80,10,3,4,2,0,2,0,4,2,360732952,1361425638,5,3
1,52,105,0057,2,000,002,10290,0,0000,210,2020,08,18,12,34,12,1,3,1,01,00,7,04,21,09,22,14,9,30,70,4,3,21,01,25,03,03,31,31,01,01,01,05,10,10,3,3,2,1,2,1,4,2,360927160,1361122081,3,3
1,52,105,0058,2,000,001,10350,0,0000,210,2020,08,14,11,25,12,1,2,1,14,00,7,00,23,00,23,03,9,01,70,4,2,21,25,65,03,04,31,31,01,01,10,10,50,70,3,2,2,2,2,2,4,2,361021497,1361314928,6,3
1,52,105,0059,2,000,001,37000,0,0000,210,2020,08,06,07,35,12,1,3,1,01,00,7,09,22,09,22,15,9,30,70,5,3,21,01,25,03,04,31,31,01,01,10,10,50,60,3,3,2,2,2,2,2,4,360831119,1361501422,5,3
1,52,105,0060,2,000,001,37000,0,0000,210,2020,08,11,08,08,12,1,3,1,01,00,7,09,22,09,22,15,9,30,70,4,4,21,65,35,03,04,31,31,01,01,10,10,10,20,2,2,1,2,2,2,4,2,360650382,1361609246,3,3
1,52,106,0017,2,000,001,20810,0,0000,208,2020,07,11,08,35,12,3,3,2,13,00,7,00,23,00,23,02,2,01,70,4,4,21,65,55,03,14,31,31,01,11,02,02,50,50,2,2,1,1,2,2,2,4,361543541,1361256542,7,3
1,52,106,0018,2,000,001,37000,0,0000,208,2020,07,26,16,54,12,1,2,2,01,00,7,01,22,09,22,15,9,30,70,4,4,21,01,55,04,04,31,31,01,01,01,01,40,10,3,3,2,1,2,2,4,2,361327295,1361143792,1,3
1,52,109,0050,2,000,001,21110,0,0000,207,2020,06,26,10,46,12,3,3,2,01,00,7,09,22,09,22,14,9,30,70,4,2,21,45,75,03,51,31,00,01,00,04,00,50,30,3,3,2,0,2,0,4,2,355746539,1361239810,6,3
1,52,109,0051,2,000,001,37000,0,0000,207,2020,08,03,07,48,12,1,1,1,01,00,1,09,22,09,22,15,9,30,70,4,2,21,55,35,04,04,31,31,01,01,03,03,70,50,3,3,2,2,2,2,4,2,355808913,1361142885,2,3
1,52,109,0052,2,000,001,21540,0,0000,207,2020,08,06,09,28,12,1,2,1,01,00,7,04,22,09,22,14,9,30,70,4,2,21,65,45,04,04,31,31,01,01,10,04,40,10,2,2,2,1,2,2,4,2,355902644,1361108328,5,3
1,52,109,0053,2,000,001,37000,0,0000,207,2020,08,14,06,00,11,1,2,1,01,00,7,09,22,00,23,15,9,30,70,5,2,01,45,75,03,61,31,00,01,00,03,00,10,00,3,0,2,0,2,0,4,2,355646398,1361114229,6,3
1,52,109,0054,2,000,002,37000,0,0000,423,2020,08,14,10,46,12,1,3,1,01,00,7,09,22,09,21,14,9,30,70,4,3,21,65,65,03,04,31,31,01,01,10,10,10,25,2,2,1,2,2,2,2,4,355929459,1360631897,6,3
1,52,109,0055,2,000,001,37000,0,0000,207,2020,08,19,19,12,21,1,2,1,01,00,7,01,22,09,22,15,9,30,70,5,2,21,65,01,04,04,31,31,01,01,10,03,10,51,3,3,2,2,2,2,4,2,355820169,1361043267,4,3
1,52,109,0056,2,000,001,21540,0,0000,207,2020,08,20,17,07,12,1,3,1,01,00,7,09,22,01,21,14,9,30,70,4,2,21,25,01,03,04,31,31,01,01,03,10,10,20,3,2,1,2,2,2,2,4,355619860,1361002357,5,3
1,52,109,0057,2,000,001,20060,0,0000,207,2020,08,14,08,29,12,1,3,1,12,00,7,00,23,00,23,03,9,01,70,4,2,21,55,25,03,04,31,31,01,01,04,04,30,10,3,2,2,1,2,2,2,4,355644903,1360839977,6,3
1,52,109,0058,2,000,001,37000,0,0000,207,2020,08,16,17,47,13,1,2,1,01,00,7,01,22,09,22,15,9,30,70,4,2,21,01,75,03,14,31,31,01,11,01,02,20,10,3,3,2,2,2,2,4,2,355720035,1360901522,1,3
1,52,109,0059,2,000,001,20070,0,0000,207,2020,08,15,12,14,12,1,3,1,01,00,7,01,21,09,22,15,9,30,70,5,2,21,01,25,17,31,31,31,11,00,03,04,10,20,3,3,2,0,2,0,4,2,355653949,1361323807,7,3
1,52,109,0060,2,000,001,21140,0,0000,207,2020,08,28,17,11,12,3,2,2,07,00,1,00,23,00,23,03,9,01,70,4,2,21,55,25,03,03,31,31,01,01,03,03,10,30,3,3,2,2,2,2,4,2,355622002,1361131479,6,3
1,52,111,0035,2,000,001,21540,0,0000,209,2020,07,21,17,36,12,1,2,1,14,00,7,00,23,00,23,03,9,01,70,4,2,21,25,35,03,51,31,00,01,00,01,00,10,20,3,3,2,0,2,0,4,2,355553907,1360948977,3,3
1,52,111,0036,2,000,001,99000,0,0000,209,2020,06,24,07,45,12,1,1,1,00,00,7,00,23,00,23,00,0,20,70,0,4,21,25,65,03,03,31,31,01,01,10,10,60,30,3,3,2,2,2,2,4,4,355338509,1360951972,4,3
1,52,112,0062,2,000,001,99000,0,0000,442,2020,08,02,13,55,12,1,3,1,00,00,7,00,23,00,23,00,0,20,70,0,4,21,55,45,03,03,31,31,01,01,10,10,60,60,3,3,2,2,2,2,4,2,353609152,1355540940,1,3
1,52,112,0063,2,000,001,21500,0,0000,202,2020,07,27,17,29,12,3,2,2,07,00,1,00,23,00,23,03,9,01,70,4,3,21,25,25,04,04,31,31,01,01,03,03,10,30,3,3,2,2,2,2,4,2,353853673,1360401191,2,3
1,52,112,0064,2,000,002,00080,2,0000,202,2020,08,07,19,00,21,3,2,2,14,00,1,00,23,00,23,03,9,01,70,4,2,21,65,45,03,03,31,31,01,01,04,04,10,30,3,3,2,2,2,2,4,2,353752654,1360417553,6,3
1,52,112,0065,2,000,003,01610,2,1619,202,2020,08,15,18,33,13,1,3,1,14,00,7,00,23,00,23,03,9,01,70,4,3,21,45,25,11,13,01,31,11,11,04,04,00,00,4,4,2,2,2,2,4,2,353437708,1360604143,7,3
1,52,112,0066,2,000,001,00080,1,4572,202,2020,08,03,16,00,12,1,3,1,14,00,7,00,23,00,23,03,9,01,70,4,3,01,45,01,03,61,31,00,01,00,04,00,80,00,3,0,2,0,2,0,4,2,354220674,1360503363,2,3
1,52,112,0067,2,000,002,00270,2,0072,442,2020,07,27,12,35,12,2,3,1,11,00,7,00,23,00,23,03,9,01,70,1,2,21,45,75,03,04,31,31,01,01,10,10,50,50,2,2,1,1,2,2,2,4,353755808,1360013865,2,3
1,52,112,0068,2,000,001,00080,2,4547,202,2020,08,19,08,59,12,1,1,1,01,00,1,09,22,09,22,18,9,30,70,5,2,21,25,01,03,04,31,31,01,01,10,04,60,80,3,3,2,2,2,2,2,4,353857271,1360420554,4,3
1,52,112,0069,2,000,001,00270,1,0000,202,2020,08,22,16,26,12,1,2,1,14,00,7,00,23,00,23,02,9,01,70,5,2,01,25,00,61,00,00,00,00,00,00,00,00,00,0,0,0,0,0,0,2,0,353801136,1360309669,7,3
1,52,112,0070,2,000,001,00080,1,4657,202,2020,08,19,15,08,12,1,2,1,14,00,7,00,23,00,23,03,9,01,70,4,2,21,01,55,04,04,31,31,01,01,04,04,10,30,3,3,2,2,2,2,4,2,353827011,1360415430,4,3
1,52,112,0071,2,000,001,37000,0,0000,202,2020,08,24,08,50,12,1,2,1,14,00,7,00,23,00,23,03,9,01,70,5,4,21,55,25,04,04,31,31,01,01,10,10,70,40,3,3,2,2,2,2,4,2,353858275,1360236643,2,3
1,52,112,0075,2,000,002,99000,0,0000,202,2020,08,30,11,56,12,1,2,1,00,00,7,00,23,00,23,00,0,20,70,0,4,21,65,75,03,04,31,31,01,01,10,10,50,60,3,3,2,2,2,2,2,4,353810562,1360254865,1,3
1,52,112,0076,2,000,001,37000,0,0000,202,2020,08,02,08,15,12,1,3,1,01,00,7,09,22,09,22,15,8,30,70,4,2,21,45,45,03,03,31,31,01,01,04,04,80,20,3,3,2,2,2,2,4,4,353836738,1360147556,1,3
1,52,113,0017,2,000,002,10280,0,0000,481,2020,08,04,12,50,12,1,3,1,14,00,3,00,23,00,23,03,9,01,70,4,3,21,75,35,04,04,31,31,01,01,03,03,10,30,3,3,2,2,2,2,4,2,353018608,1353024460,3,3
1,52,113,0018,2,000,001,00270,1,0460,204,2020,08,13,12,10,12,1,2,1,14,00,7,00,23,00,23,03,7,01,70,4,1,21,45,65,03,14,31,31,01,11,04,04,30,10,3,3,2,2,2,2,2,4,352920452,1354520614,5,3
1,52,113,0019,2,000,002,20110,0,0000,204,2020,08,13,16,15,12,1,2,1,14,00,7,00,23,00,23,03,9,01,70,4,2,21,55,45,03,03,31,31,01,01,04,04,80,60,3,3,2,2,2,2,4,2,353026243,1354521133,5,3
1,52,113,0020,2,000,001,00270,2,0500,204,2020,07,30,11,07,12,1,3,1,14,00,2,00,23,00,23,03,9,20,70,5,2,21,35,35,12,32,31,31,11,00,04,04,00,20,4,3,2,0,2,0,4,2,352901279,1354232604,5,3
1,52,114,0096,2,000,001,00080,1,0000,201,2020,07,21,17,16,12,3,3,1,01,00,1,09,22,09,22,18,9,30,70,1,2,21,35,35,03,04,31,31,01,01,10,10,10,30,3,3,2,2,2,2,4,2,355935888,1361215710,3,3
1,52,114,0097,2,000,001,21540,0,0000,201,2020,07,28,09,44,12,2,1,1,01,00,1,09,22,09,22,18,9,30,70,5,2,21,75,45,03,04,31,31,01,01,04,10,10,80,2,2,2,2,2,2,4,2,360208390,1361248695,3,3
1,52,114,0099,2,000,001,37000,0,0000,201,2020,08,08,09,13,12,1,1,1,01,00,1,09,22,09,22,14,9,30,70,5,2,21,55,65,04,04,31,31,01,01,03,03,80,50,3,3,2,2,2,2,4,2,360301610,1361309755,7,3
1,52,114,0100,2,000,001,99000,0,0000,201,2020,08,09,10,23,12,1,3,1,00,00,7,00,23,00,23,00,0,20,70,0,4,21,25,25,03,04,31,31,01,01,10,10,60,60,3,3,2,2,2,2,4,2,360738445,1361005137,1,2
1,52,114,0101,2,000,001,03050,0,0000,201,2020,08,15,09,36,12,1,3,1,01,00,7,09,22,01,22,14,9,30,70,4,4,21,01,45,04,14,31,31,01,11,03,03,40,80,2,3,2,2,2,2,2,4,360830789,1360508704,7,3
1,52,114,0102,2,000,001,21540,0,0000,201,2020,07,21,16,30,12,2,2,1,01,00,1,09,22,09,22,18,9,30,70,5,2,21,75,35,03,04,31,31,01,01,01,04,80,10,3,3,1,2,2,2,4,4,360327620,1361253982,3,3
1,52,114,0103,2,000,002,10100,0,0000,201,2020,08,12,16,57,12,3,2,2,01,00,1,09,22,09,22,15,9,30,70,5,2,21,35,75,03,14,31,31,01,11,03,03,30,50,3,3,2,2,2,2,2,4,360324534,1361115955,4,3
1,52,114,0104,2,000,001,37000,0,0000,201,2020,08,17,17,25,12,1,2,1,07,00,1,00,23,00,23,03,9,01,70,4,2,21,25,45,14,14,31,31,11,11,03,03,10,30,3,3,2,2,2,2,4,2,360307378,1361227995,2,3
1,52,114,0105,2,000,001,21150,0,0000,201,2020,08,11,17,43,12,1,3,1,01,00,4,09,22,09,22,14,9,30,70,5,4,21,35,35,03,04,31,31,01,01,10,03,10,40,2,2,2,2,2,2,4,4,360100129,1361311298,3,3
1,52,114,0106,2,000,001,37000,0,0000,201,2020,08,24,07,35,12,1,2,1,14,00,7,00,23,00,23,04,9,01,70,4,2,21,01,25,03,03,31,31,01,01,03,03,10,31,2,2,1,2,2,2,4,2,360341822,1361154767,2,3
1,52,114,0110,2,000,001,00080,2,4141,201,2020,08,29,16,56,12,1,3,1,14,00,7,00,23,00,23,06,9,01,70,1,2,21,75,25,03,03,31,31,01,01,10,10,10,30,3,3,2,2,2,2,4,2,360115858,1361253046,7,3
1,52,059,0007,2,000,002,43020,2,0920,201,2020,08,23,15,25,12,1,2,1,14,00,7,00,23,00,23,05,9,01,70,1,4,21,01,45,03,03,31,31,01,01,10,10,18,36,2,2,2,2,2,2,4,2,360004128,1361253936,1,3
1,52,101,0158,2,000,001,10010,0,0000,201,2020,07,27,10,00,12,2,1,1,01,00,1,09,22,00,23,15,9,30,70,5,2,01,55,75,04,61,31,00,01,00,03,00,10,00,3,0,2,0,2,0,4,2,360458092,1361233126,2,3
1,52,101,0160,1,001,000,37000,0,0000,322,2020,09,05,08,34,12,1,3,1,14,00,7,00,23,00,23,03,9,20,70,4,3,41,45,00,04,75,31,00,01,00,04,00,10,00,2,0,2,0,2,0,4,0,360524302,1362043876,7,3
1,52,101,0161,2,000,002,10350,0,0000,201,2020,08,19,08,30,12,1,3,1,14,00,7,00,23,00,23,04,9,01,70,4,2,21,01,45,03,03,31,31,01,01,10,10,10,30,3,3,2,2,2,2,4,2,360648141,1361304146,4,3
1,52,101,0162,2,000,001,99000,0,0000,322,2020,09,04,15,30,12,2,3,1,00,00,7,00,23,00,23,00,0,20,70,0,2,21,55,55,03,03,01,01,01,01,10,10,10,30,3,3,2,2,2,2,4,2,360631281,1361734364,6,3
1,52,101,0163,2,000,001,20970,0,0000,201,2020,08,19,11,30,12,1,2,1,01,00,1,09,22,09,22,14,9,30,70,4,2,21,65,75,03,51,31,00,01,00,03,00,50,20,3,3,2,0,2,0,4,2,360326977,1361403762,4,3
1,52,101,0164,2,000,001,37000,0,0000,201,2020,09,06,14,35,12,1,2,1,14,00,1,00,23,00,23,05,9,01,70,4,2,21,55,25,03,04,31,31,01,01,10,10,10,30,3,3,2,2,2,2,4,2,360406469,1361150774,1,3
1,52,101,0165,2,000,001,00080,2,4055,201,2020,08,24,14,54,12,1,2,1,14,00,7,00,23,00,23,05,9,01,70,1,2,21,25,01,03,03,31,31,01,01,10,10,80,30,3,3,2,2,2,2,4,2,360526385,1361458008,2,3
1,52,101,0166,2,000,001,37000,0,0000,201,2020,08,11,20,24,22,1,1,2,14,00,7,00,23,00,23,02,9,01,70,5,3,01,55,25,03,61,31,00,01,00,02,00,10,00,3,0,2,0,2,0,4,2,360409965,1361327724,3,3
1,52,101,0167,2,000,001,37000,0,0000,201,2020,08,03,16,07,12,1,2,1,01,00,7,09,22,01,21,15,9,30,70,5,4,21,25,65,04,14,31,31,01,11,02,02,40,10,3,3,2,2,2,2,2,4,360438643,1361209048,2,3
1,52,101,0168,2,000,001,37000,0,0000,201,2020,08,25,18,10,13,1,3,1,01,00,7,01,21,09,22,14,9,30,70,5,4,21,45,55,03,03,31,31,01,01,10,10,10,50,3,3,2,1,2,2,4,2,360518496,1361505496,3,3
1,52,101,0169,2,000,002,37000,0,0000,201,2020,08,22,01,15,22,1,1,1,14,00,7,00,23,00,23,03,9,01,70,4,3,21,75,65,04,04,31,31,01,01,10,10,80,20,3,3,2,2,2,2,4,2,360358889,1361249541,7,3
1,52,101,0170,2,000,001,21990,0,0000,201,2020,08,25,10,30,12,1,2,1,07,00,1,00,23,00,23,04,9,01,70,4,2,21,35,45,03,03,31,31,01,01,03,03,10,30,3,3,2,2,2,2,4,2,360554500,1361444939,3,3
1,52,101,0171,2,000,001,00080,1,0000,201,2020,09,09,14,34,12,1,1,2,01,00,7,09,22,09,22,18,9,30,70,1,2,21,01,25,03,51,31,00,01,00,10,00,80,10,3,2,2,0,2,0,4,2,360356116,1361430747,4,3