資料区分,都道府県コード,警察署等コード,本票番号,事故内容,死者数,負傷者数,路線コード,上下線,地点コード,市区町村コード,発生日時　　年,発生日時　　月,発生日時　　日,発生日時　　時,発生日時　　分,昼夜,天候,地形,路面状態,道路形状,環状交差点の直径,信号機,一時停止規制　標識（当事者A）,一時停止規制　表示（当事者A）,一時停止規制　標識（当事者B）,一時停止規制　表示（当事者B）,車道幅員,道路線形,衝突地点,ゾーン規制,中央分離帯施設等,歩車道区分,事故類型,年齢（当事者A）,年齢（当事者B）,当事者種別（当事者A）,当事者種別（当事者B）,用途別（当事者A）,用途別（当事者B）,車両形状（当事者A）,車両形状（当事者B）,速度規制（指定のみ）（当事者A）,速度規制（指定のみ）（当事者B）,車両の衝突部位（当事者A）,車両の衝突部位（当事者B）,車両の損壊程度（当事者A）,車両の損壊程度（当事者B）,エアバッグの装備（当事者A）,エアバッグの装備（当事者B）,サイドエアバッグの装備（当事者A）,サイドエアバッグの装備（当事者B）,人身損傷程度（当事者A）,人身損傷程度（当事者B）,地点　緯度（北緯）,地点　経度（東経）,曜日(発生年月日),祝日(発生年月日)
1,52,101,0172,2,000,003,00080,1,4080,201,2020,08,23,16,18,12,1,1,1,07,00,1,00,23,00,23,05,9,01,70,1,2,21,25,01,03,04,31,31,01,01,10,10,10,30,2,2,1,1,2,2,4,2,360346984,1361430381,1,3
1,52,101,0173,2,000,001,99000,0,0000,322,2020,08,28,13,55,12,1,3,1,00,00,7,00,23,00,23,00,0,20,70,0,4,21,75,45,03,03,31,31,01,01,10,10,60,60,3,3,2,2,2,2,4,2,360439798,1362451525,6,3
1,52,101,0174,2,000,001,37000,0,0000,201,2020,09,03,18,50,21,1,2,1,07,00,7,00,23,00,23,03,9,01,70,5,4,01,45,45,03,61,31,00,01,00,10,00,70,00,3,0,2,0,2,0,4,2,360319558,1361458135,5,3
1,52,101,0175,2,000,001,00080,2,4045,201,2020,09,15,07,38,12,1,2,1,14,00,7,00,23,00,23,05,9,01,70,1,2,21,25,55,03,04,31,31,01,01,10,10,10,30,3,3,2,2,2,2,4,2,360555840,1361511310,3,3
1,52,101,0176,2,000,001,37000,0,0000,201,2020,08,26,10,45,12,1,1,1,01,00,7,01,22,09,22,11,9,30,70,4,3,21,55,25,03,03,31,31,01,01,10,02,40,10,2,3,2,2,2,2,4,2,360451662,1361418480,4,3
1,52,101,0177,2,000,001,37000,0,0000,201,2020,09,18,11,50,12,3,1,2,12,00,7,00,23,00,23,03,9,01,70,4,2,21,55,35,03,13,31,31,01,11,03,03,10,30,3,3,2,2,2,2,4,2,360339999,1361247813,6,3
1,52,101,0178,2,000,001,37000,0,0000,201,2020,09,21,14,06,12,1,2,1,14,00,7,00,23,00,23,04,9,01,70,4,2,21,01,01,03,04,31,31,01,01,10,10,50,80,3,3,2,2,2,2,4,2,360536965,1361438931,2,1
1,52,101,0179,2,000,001,99000,0,0000,201,2020,04,02,20,38,22,1,2,1,00,00,7,00,23,00,23,00,0,20,70,0,4,01,35,01,04,61,31,00,01,00,10,00,00,00,4,0,2,0,2,0,4,2,360304034,1361444958,5,3
1,52,101,0186,2,000,001,37000,0,0000,201,2020,09,01,17,50,13,1,1,1,01,00,7,01,21,09,22,15,9,30,70,5,3,21,01,35,04,04,31,31,01,01,10,10,50,28,2,2,1,2,2,2,4,2,360526867,1361428930,3,3
1,52,101,0191,2,000,001,37000,0,0000,201,2020,09,16,15,10,12,1,1,1,01,00,7,01,21,09,22,18,9,30,70,6,2,21,65,25,04,51,31,00,01,00,10,00,10,20,3,1,2,0,2,0,4,2,360350474,1361336351,4,3
1,52,103,0013,2,000,001,01580,0,0000,205,2020,08,21,14,50,12,1,2,1,14,00,7,00,23,00,23,03,9,01,70,4,2,21,45,01,13,33,31,31,11,00,04,04,10,10,2,2,2,0,2,0,4,2,355825162,1363319140,6,3
1,52,104,0006,2,000,001,10240,0,0000,206,2020,09,12,02,50,22,3,2,2,01,00,3,09,22,09,22,15,9,30,70,5,2,21,65,35,04,04,31,31,01,01,03,03,40,10,2,2,2,2,2,2,4,4,360350825,1363002682,7,3
1,52,104,0007,2,000,001,99000,0,0000,206,2020,09,21,15,00,12,1,2,1,00,00,7,00,23,00,23,00,0,20,70,0,4,01,55,65,03,61,31,00,01,00,10,00,60,00,4,0,2,0,2,0,4,2,360340493,1363007630,2,1
1,52,105,0061,2,000,001,20770,0,0000,210,2020,08,23,14,29,12,1,3,1,01,00,7,01,22,09,22,18,9,30,70,5,2,21,75,65,03,04,31,31,01,01,10,03,10,40,3,3,2,2,2,2,4,2,360746693,1361250992,1,3
1,52,105,0062,2,000,001,20030,0,0000,210,2020,09,04,10,00,12,2,3,1,07,00,1,00,23,00,23,03,9,01,70,4,2,21,55,25,04,14,31,31,01,11,03,03,10,30,3,3,2,2,2,2,4,2,360814753,1361101715,6,3
1,52,105,0063,2,000,001,10010,0,0000,210,2020,08,21,19,34,21,1,3,1,01,00,1,09,22,09,22,18,9,30,70,4,2,21,01,45,03,51,31,00,01,00,03,00,50,20,3,3,2,0,2,0,4,2,360912874,1361210240,6,3
1,52,105,0064,2,000,001,10130,0,0000,210,2020,09,08,19,31,22,1,2,1,01,00,1,09,22,09,22,15,9,30,70,5,2,21,35,45,03,13,31,31,01,11,03,03,50,40,3,3,2,2,2,2,2,4,360859658,1361611419,3,3
1,52,105,0065,2,000,001,10010,0,0000,210,2020,09,18,12,27,12,3,3,2,07,00,1,00,23,00,23,02,9,01,70,4,2,21,65,65,03,04,31,31,01,01,04,04,10,30,3,3,2,2,2,2,4,2,360921960,1361209696,6,3
1,52,105,0066,2,000,001,00080,1,4002,210,2020,09,26,15,59,12,3,3,2,07,00,1,00,23,00,23,05,9,01,70,1,2,21,25,55,11,03,01,31,11,01,10,10,10,30,3,3,2,2,2,2,4,2,360812151,1361546091,7,3
1,52,106,0019,2,000,001,10120,0,0000,208,2020,08,22,14,23,12,1,2,1,14,00,7,00,23,00,23,03,9,01,70,4,2,21,55,25,03,04,31,31,01,01,03,03,10,30,3,3,2,2,2,2,4,2,361204686,1361350763,7,3
1,52,106,0020,2,000,001,03050,0,0000,208,2020,09,02,08,24,12,1,2,1,07,00,1,00,23,00,23,03,6,01,70,4,2,21,75,45,14,22,31,00,11,00,03,03,30,10,2,3,2,0,2,0,2,4,361350260,1361140204,4,3
1,52,107,0014,2,000,001,37000,0,0000,210,2020,08,30,13,53,12,1,2,1,13,00,7,00,23,00,23,03,6,01,70,4,3,21,55,01,03,51,31,00,01,00,03,00,10,20,3,3,2,0,2,0,4,2,361026927,1360744684,1,3
1,52,109,0061,2,000,001,10340,0,0000,207,2020,08,27,06,08,11,1,3,1,14,00,7,00,23,00,23,03,9,01,70,4,2,21,25,45,12,12,01,01,11,11,04,04,10,10,2,2,1,1,2,2,4,2,355655673,1360850004,5,3
1,52,109,0062,2,000,001,21540,0,0000,207,2020,08,23,09,25,12,1,2,1,01,00,7,04,22,09,22,15,9,30,70,4,2,21,01,25,03,03,31,31,01,01,04,10,50,40,3,3,2,2,2,2,4,2,355902407,1361053817,1,3
1,52,109,0063,2,000,001,20470,0,0000,207,2020,08,27,12,59,12,1,1,1,01,00,7,09,22,09,22,14,9,30,70,5,2,21,45,75,03,51,31,00,01,00,01,00,10,20,3,3,2,0,2,0,4,2,355653304,1361107525,5,3
1,52,109,0064,2,000,001,37000,0,0000,207,2020,08,28,07,33,12,2,1,1,01,00,7,04,22,00,23,14,9,30,70,5,4,01,45,65,04,61,31,00,01,00,01,00,10,00,4,0,2,0,2,0,4,2,355635566,1361053592,6,3
1,52,109,0065,2,000,001,20060,0,0000,207,2020,08,19,23,21,22,1,3,1,01,00,3,09,22,09,22,11,9,30,70,5,2,21,35,01,03,04,31,31,01,01,04,03,50,18,3,3,2,2,2,2,2,4,355655085,1360942263,4,3
1,52,109,0066,2,000,001,37000,0,0000,207,2020,09,08,07,28,12,1,2,1,14,00,7,00,23,00,23,03,9,01,70,5,4,01,01,75,03,61,31,00,01,00,10,00,10,00,2,0,2,0,2,0,4,2,355644755,1361210345,3,3
1,52,109,0067,2,000,001,00080,2,0000,207,2020,09,09,21,03,22,2,1,1,01,00,1,09,22,09,22,18,9,30,70,1,2,21,01,25,03,13,31,31,01,11,10,10,10,48,2,2,1,1,1,2,2,4,355634514,1361137062,4,3
1,52,109,0068,2,000,001,21540,0,0000,207,2020,09,12,14,12,12,1,3,1,14,00,7,00,23,00,23,02,9,01,70,5,2,21,25,75,03,51,31,00,01,00,10,00,30,20,3,3,2,0,2,0,4,2,355556954,1361102051,7,3
1,52,109,0069,2,000,001,03650,0,0000,423,2020,09,08,08,02,12,1,3,1,01,00,7,04,21,09,22,14,9,30,70,4,2,21,55,25,03,03,31,31,01,01,10,04,80,50,2,2,2,2,2,2,4,2,355528377,1360636128,3,3
1,52,109,0070,2,000,001,00080,1,4197,207,2020,09,18,20,30,22,2,1,2,01,00,1,09,22,09,22,18,9,30,70,1,2,21,35,01,04,51,31,00,01,00,10,00,50,40,3,3,2,0,2,0,4,2,355830699,1361136576,6,3
1,52,109,0071,2,000,001,20470,0,0000,207,2020,09,14,17,24,13,1,1,1,01,00,1,09,22,09,22,15,9,30,70,5,2,21,65,35,04,51,31,00,01,00,04,00,50,10,3,3,2,0,2,0,4,2,355659637,1361108905,2,3
1,52,109,0072,2,000,001,04170,0,0000,207,2020,09,28,17,55,21,1,2,1,01,00,7,09,22,09,22,15,9,30,70,4,2,21,01,55,04,35,31,31,01,00,04,04,10,10,3,3,2,0,2,0,4,2,355817126,1361032760,2,3
1,52,111,0037,2,000,002,10070,0,0000,209,2020,09,23,08,31,12,1,3,1,14,00,7,00,23,00,23,03,9,01,70,4,2,21,35,75,03,04,31,31,01,01,03,03,10,31,3,3,2,2,2,2,4,2,355441048,1361228275,4,3
1,52,112,0072,2,000,001,37000,0,0000,202,2020,08,30,22,20,22,1,2,1,01,00,7,09,22,09,22,14,9,30,70,5,4,21,35,55,03,04,31,31,01,01,10,10,10,40,3,2,2,2,2,2,4,2,353847635,1360339632,1,3
1,52,112,0073,1,001,000,37000,0,0000,442,2020,09,02,14,55,12,2,3,1,01,00,7,04,21,09,22,14,9,30,70,4,3,21,65,65,14,14,31,31,11,11,10,10,40,10,2,3,2,1,2,2,4,1,353602985,1355710147,4,3
1,52,112,0074,2,000,001,37000,0,0000,202,2020,08,29,16,15,12,1,2,1,01,00,1,09,22,09,22,15,9,30,70,4,2,21,01,65,03,14,31,31,01,11,10,03,80,50,2,2,2,2,1,2,4,4,353900139,1360346032,7,3
1,52,112,0077,2,000,001,20580,0,0000,202,2020,09,21,13,05,12,1,2,1,07,00,1,00,23,00,23,03,9,01,70,4,2,21,45,01,03,03,31,31,01,01,03,03,10,30,3,3,2,2,2,2,4,4,353857882,1360301329,2,1
1,52,112,0078,2,000,001,99000,0,0000,202,2020,09,19,14,14,12,1,2,1,00,00,7,00,23,00,23,00,0,20,70,0,4,21,45,45,03,51,31,00,01,00,10,00,10,40,3,3,2,0,2,0,4,2,353930192,1360436102,7,3
1,52,112,0079,2,000,001,01610,1,1450,202,2020,09,20,12,30,12,1,3,1,14,00,7,00,23,00,23,03,9,01,70,4,2,21,45,45,14,31,01,31,11,00,04,04,80,30,2,1,1,0,2,0,4,2,353211270,1360548704,1,2
1,52,112,0080,2,000,001,37000,0,0000,202,2020,09,19,14,12,12,1,3,1,14,00,7,00,23,00,23,02,9,01,70,5,3,21,55,35,12,04,31,31,11,01,03,03,30,10,3,3,2,2,2,2,4,2,353855495,1360515481,7,3
1,52,112,0081,2,000,001,37000,0,0000,202,2020,09,22,15,39,12,2,2,1,07,00,1,00,23,00,23,03,9,01,70,4,3,21,35,55,03,03,31,31,01,01,03,03,10,30,3,3,2,2,2,2,4,2,353800381,1360324967,3,1
1,52,112,0082,2,000,001,99000,0,0000,442,2020,09,27,05,40,23,2,3,5,00,00,7,00,23,00,23,00,0,20,70,0,4,21,01,35,03,13,31,31,01,11,10,10,50,70,3,3,2,2,2,2,4,2,353758546,1355931428,1,3
1,52,113,0021,2,000,001,00270,1,0000,204,2020,09,05,22,25,22,1,1,1,14,00,7,00,23,00,23,03,9,01,70,5,2,21,45,01,03,04,31,31,01,01,04,10,40,10,2,3,2,2,1,2,2,4,352925356,1354439506,7,3
1,52,113,0022,2,000,001,99000,0,0000,483,2020,09,14,10,08,12,2,3,1,00,00,7,00,23,00,23,00,0,20,70,0,4,21,55,35,04,04,31,31,01,01,10,10,70,70,3,3,2,2,2,2,4,2,352846600,1353757279,2,3
1,52,114,0107,2,000,001,99000,0,0000,201,2020,09,01,10,35,12,1,2,1,00,00,7,00,23,00,23,00,0,20,70,0,4,21,75,35,03,04,31,31,01,01,10,10,80,70,3,3,2,2,2,2,4,2,360339523,1361154548,3,3
1,52,114,0108,2,000,001,37000,0,0000,201,2020,08,02,12,20,12,1,3,1,14,00,7,00,23,00,23,03,9,01,70,4,2,21,25,25,04,51,31,00,01,00,01,00,40,10,3,3,2,0,2,0,4,2,360148739,1360901875,1,3
1,52,114,0109,2,000,001,21540,0,0000,201,2020,09,04,14,10,12,2,2,1,14,00,7,00,23,00,23,05,9,01,70,4,2,21,75,55,04,04,31,31,01,01,04,04,40,10,2,2,2,1,2,2,4,2,360155203,1361247061,6,3
1,52,114,0111,2,000,001,37000,0,0000,201,2020,08,28,15,36,12,1,2,1,01,00,1,09,22,09,22,14,9,30,70,5,2,21,35,65,04,04,31,31,01,01,04,03,10,20,3,2,1,1,1,1,4,2,360237639,1361055974,6,3
1,52,114,0112,2,000,001,10100,0,0000,201,2020,09,01,08,03,12,1,3,1,07,00,1,00,23,00,23,04,9,01,70,4,2,21,35,55,03,14,31,31,01,11,04,04,30,10,3,3,2,2,2,2,2,4,360125022,1360728906,3,3
1,52,114,0113,2,000,001,10340,0,0000,201,2020,08,15,10,41,12,1,2,1,07,00,1,00,23,00,23,04,9,01,70,5,2,01,35,75,04,61,31,00,01,00,03,00,80,00,3,0,2,0,2,0,4,2,360234178,1361044802,7,3
1,52,114,0114,2,000,001,37000,0,0000,201,2020,08,24,15,15,12,1,1,1,01,00,7,01,21,09,22,18,9,30,70,4,2,21,75,65,04,04,31,31,01,01,02,03,10,80,3,3,2,2,2,2,4,2,360328242,1361250407,2,3
1,52,114,0115,2,000,001,10100,0,0000,201,2020,09,11,08,01,12,1,1,1,01,00,7,09,22,09,22,18,8,30,70,4,2,21,25,65,03,51,31,00,01,00,03,00,40,20,3,3,2,0,2,0,4,2,360344761,1361239921,6,3
1,52,114,0116,2,000,001,37000,0,0000,201,2020,09,23,14,40,12,1,1,1,01,00,7,09,22,00,23,11,9,30,70,4,2,01,35,01,04,61,31,00,01,00,03,00,80,00,3,0,2,0,2,0,4,2,360331280,1361126399,4,3
1,52,114,0117,2,000,001,37000,0,0000,201,2020,09,13,10,35,12,2,2,1,14,00,7,00,23,00,23,03,9,01,70,4,2,21,25,55,03,04,31,31,01,01,03,03,10,30,3,3,2,2,2,2,4,2,360249239,1361148372,1,3
1,52,114,0118,2,000,001,37000,0,0000,201,2020,09,24,20,09,22,2,1,1,01,00,1,09,22,09,22,15,9,30,70,5,2,21,75,55,03,33,31,31,01,00,03,03,10,20,3,3,2,0,2,0,4,2,360258843,1361309885,5,3
1,52,114,0119,2,000,001,21540,0,0000,201,2020,09,16,14,31,12,1,2,1,14,00,7,00,23,00,23,05,9,01,70,4,2,21,75,45,03,04,31,31,01,01,04,04,80,60,3,3,2,2,2,2,4,2,360118752,1361230283,4,3
1,52,114,0122,2,000,001,37000,0,0000,201,2020,09,18,13,14,12,3,3,2,01,00,7,09,22,09,22,15,9,30,70,4,4,21,01,45,03,14,31,31,01,11,03,10,20,80,3,3,2,2,2,2,2,4,360048349,1361310659,6,3
1,52,059,0008,2,000,001,43010,1,0000,209,2020,10,29,13,45,12,1,2,1,14,00,7,00,23,00,23,05,9,01,70,5,4,21,45,25,11,03,01,31,11,01,10,10,10,30,3,3,2,2,2,2,4,2,355404116,1361200148,5,3
1,52,101,0180,2,000,003,10010,0,0000,201,2020,09,19,01,28,22,2,2,2,01,00,1,09,22,09,22,18,9,30,70,4,2,21,25,01,03,03,31,31,01,01,03,03,80,50,2,2,1,1,2,2,4,2,360458035,1361232901,7,3
1,52,101,0181,1,002,000,37000,0,0000,201,2020,10,03,19,13,22,1,3,1,13,00,7,00,23,00,23,03,1,01,70,4,2,41,35,00,03,75,31,00,01,00,04,00,10,00,1,0,1,0,2,0,1,0,360352760,1361038231,7,3
1,52,101,0182,2,000,001,37000,0,0000,201,2020,09,30,12,52,12,1,2,1,01,00,7,09,22,01,21,15,9,30,70,4,4,21,35,65,03,04,31,31,01,01,10,10,40,50,3,3,2,2,2,2,2,4,360525243,1361244650,4,3
1,52,101,0183,2,000,001,00080,1,0000,201,2020,10,02,19,00,22,1,1,1,14,00,7,00,23,00,23,05,9,01,70,1,2,21,45,45,03,03,31,31,01,01,10,10,10,30,3,3,2,2,2,2,4,2,360321110,1361430751,6,3
1,52,101,0184,2,000,002,10360,0,0000,201,2020,09,28,08,35,12,1,1,1,14,00,7,00,23,00,23,03,9,01,70,4,2,21,45,65,03,04,31,31,01,01,03,03,10,30,3,3,2,2,2,2,4,2,360622216,1361327460,2,3
1,52,101,0185,2,000,002,10360,0,0000,201,2020,09,10,07,37,12,1,1,1,07,00,7,00,23,00,23,06,9,01,70,5,2,21,01,55,04,04,31,31,01,01,04,04,10,30,2,2,1,2,2,2,4,4,360401559,1361304016,5,3
1,52,101,0187,2,000,001,99000,0,0000,201,2020,09,19,09,40,12,1,1,1,00,00,7,00,23,00,23,00,0,20,70,0,4,01,65,65,13,61,31,00,11,00,10,00,30,00,4,0,2,0,2,0,4,2,360433280,1361152531,7,3
1,52,101,0188,2,000,001,20150,0,0000,322,2020,09,17,07,50,12,2,3,1,01,00,7,01,21,09,22,17,9,30,70,4,2,21,75,45,03,04,31,31,01,01,03,04,48,58,3,3,2,2,2,2,4,2,360622767,1361751316,5,3
1,52,101,0189,2,000,001,99000,0,0000,201,2020,10,05,13,51,12,1,1,1,00,00,7,00,23,00,23,00,0,20,70,0,4,21,75,45,03,03,31,31,01,01,10,10,10,30,3,3,2,2,2,2,4,2,360417407,1361412312,2,3
1,52,101,0190,2,000,001,37000,0,0000,201,2020,10,06,18,30,21,1,2,1,01,00,7,04,22,09,22,15,9,30,70,4,2,21,35,01,03,03,31,31,01,01,03,03,76,10,3,3,2,1,2,2,4,2,360415294,1361157399,3,3
1,52,101,0192,2,000,001,37000,0,0000,201,2020,10,06,14,40,12,1,2,1,12,00,1,00,23,00,23,03,8,01,70,4,2,21,55,35,03,04,31,31,01,01,03,03,10,35,2,2,1,1,2,2,4,2,360353239,1361224533,3,3
1,52,101,0193,2,000,001,21530,0,0000,201,2020,09,28,18,00,21,1,1,1,01,00,7,09,22,09,22,18,9,30,70,4,2,21,55,35,03,03,31,31,01,01,02,03,10,40,3,3,2,2,2,2,4,2,360323525,1361348146,2,3
1,52,101,0194,2,000,001,99000,0,0000,201,2020,10,09,10,55,12,2,1,1,00,00,7,00,23,00,23,00,0,20,70,0,4,21,55,65,03,14,31,31,01,11,10,10,40,60,3,3,2,2,2,2,2,4,360441239,1361352990,6,3
1,52,101,0195,2,000,001,37000,0,0000,201,2020,10,19,08,15,12,2,2,1,07,00,7,00,23,00,23,05,7,01,70,4,2,21,01,25,04,04,31,31,01,01,04,04,80,60,3,3,2,2,2,2,4,2,360444691,1361502019,2,3
1,52,101,0196,2,000,001,37000,0,0000,201,2020,10,13,07,45,12,1,3,1,01,00,7,01,22,09,22,15,9,30,70,5,4,21,55,01,03,03,31,31,01,01,10,10,10,14,3,3,2,2,2,2,4,2,360711380,1361207604,3,3
1,52,101,0197,2,000,001,37000,0,0000,201,2020,09,30,06,30,11,1,2,1,14,00,7,00,23,00,23,03,9,01,70,5,4,01,65,75,03,61,31,00,01,00,10,00,80,00,3,0,2,0,2,0,4,2,360511521,1361325411,4,3
1,52,101,0198,2,000,001,20370,0,0000,201,2020,10,24,22,13,22,3,2,1,01,00,3,09,22,09,22,15,9,30,70,5,2,21,01,55,03,03,31,31,01,01,02,04,10,20,3,2,1,1,2,2,4,2,360415263,1361339249,7,3
1,52,101,0208,2,000,001,37000,0,0000,201,2020,10,14,09,10,12,1,2,1,01,00,7,09,22,09,22,15,9,30,70,5,4,21,65,45,03,51,31,00,01,00,10,00,20,10,3,3,2,0,2,0,4,2,360306547,1361442534,4,3
1,52,101,0210,2,000,001,37000,0,0000,201,2020,10,15,14,50,12,1,1,1,01,00,7,09,22,09,22,14,9,30,70,5,3,21,65,01,04,51,31,00,01,00,02,00,40,10,3,3,2,0,2,0,4,2,360359668,1361255208,5,3
1,52,103,0014,1,001,000,01580,0,0000,205,2020,10,01,18,50,22,1,2,1,14,00,7,00,23,00,23,03,9,01,70,4,2,21,65,65,14,51,31,00,11,00,04,00,80,30,3,1,2,0,2,0,4,1,355811542,1362933328,5,3
1,52,103,0015,2,000,001,01580,0,0000,205,2020,09,14,10,25,12,2,2,2,01,00,1,09,22,00,23,19,9,30,70,4,2,41,65,00,03,75,31,00,01,00,04,00,10,00,2,0,1,0,2,0,2,0,355812918,1362914108,2,3
1,52,103,0016,1,001,000,01580,0,0000,205,2020,10,22,15,46,12,3,3,2,14,00,7,00,23,00,23,03,8,20,70,4,2,41,75,00,03,75,31,00,01,00,04,00,10,00,2,0,1,0,2,0,4,0,355942903,1362739448,5,3
1,52,103,0017,2,000,001,99000,0,0000,205,2020,10,09,15,34,12,2,2,1,00,00,7,00,23,00,23,00,0,20,70,0,4,01,65,75,14,61,31,00,11,00,10,00,20,00,4,0,2,0,2,0,4,2,360043263,1363034048,6,3
1,52,104,0008,2,000,001,99000,0,0000,206,2020,07,08,00,20,22,3,3,2,00,00,7,00,23,00,23,00,0,20,70,0,4,41,65,00,03,76,31,00,01,00,10,00,00,00,4,0,2,0,2,0,2,0,360444394,1362943371,4,3
1,52,104,0009,2,000,001,10240,0,0000,206,2020,09,08,19,50,22,1,2,1,01,00,1,09,22,09,22,15,9,30,70,5,2,21,55,65,04,14,31,31,01,11,03,03,10,10,2,3,1,2,2,2,2,4,360317724,1363019832,3,3
1,52,104,0010,1,002,000,01570,0,0000,206,2020,10,11,10,10,12,2,3,1,13,00,7,00,23,00,23,04,5,01,70,4,3,21,75,45,31,32,31,31,00,00,04,04,10,10,2,2,0,0,0,0,1,1,360548392,1363431194,1,3
1,52,104,0011,2,000,001,01570,0,0000,206,2020,09,28,13,33,12,1,3,1,13,00,7,00,23,00,23,03,5,01,70,4,3,21,55,45,04,31,31,31,01,00,04,04,50,10,2,1,1,0,2,0,2,4,360630312,1363432689,2,3
1,52,104,0012,1,001,000,20830,0,0000,206,2020,10,25,12,22,12,1,3,1,13,00,7,00,23,00,23,03,1,01,70,4,4,41,65,00,14,75,31,00,11,00,03,00,10,00,2,0,2,0,2,0,1,0,360128581,1363029886,1,3
1,52,104,0013,2,000,001,01570,0,0000,206,2020,10,21,18,20,22,2,2,1,07,00,1,00,23,00,23,06,9,01,70,6,2,21,35,65,04,14,31,31,01,11,10,10,10,30,3,3,2,2,2,2,4,2,360351184,1363034282,4,3
1,52,105,0067,2,000,001,37000,0,0000,210,2020,10,06,17,52,21,1,2,1,07,00,1,00,23,00,23,03,9,01,70,4,2,21,35,35,03,03,31,31,01,01,10,10,10,30,3,3,2,2,2,2,4,2,360750060,1361310047,3,3
1,52,105,0068,2,000,001,00080,1,4020,210,2020,10,09,07,57,12,2,3,1,14,00,7,00,23,00,23,05,9,01,70,1,2,21,65,55,03,04,31,31,01,01,10,10,30,10,3,3,2,2,2,2,2,4,360711730,1361530777,6,3
1,52,105,0069,2,000,001,00080,2,3986,210,2020,10,19,17,40,21,1,2,1,14,00,7,00,23,00,23,05,9,01,70,1,2,21,55,75,03,04,31,31,01,01,10,10,30,10,3,3,2,2,2,2,2,4,360906254,1361553634,2,3
1,52,105,0070,2,000,001,10130,0,0000,210,2020,10,16,11,06,12,1,2,1,07,00,7,00,23,00,23,03,9,01,70,4,3,21,65,25,03,03,31,31,01,01,04,04,60,52,3,3,2,2,2,2,4,2,360935001,1361617580,6,3
1,52,105,0071,2,000,001,10350,0,0000,210,2020,10,22,17,30,21,3,3,2,14,00,7,00,23,00,23,03,9,01,70,4,2,21,35,01,03,04,31,31,01,01,10,10,30,10,2,2,2,1,2,2,2,4,361022571,1361315088,5,3
1,52,105,0072,2,000,001,00080,1,0000,210,2020,10,10,13,31,12,1,2,1,07,00,1,00,23,00,23,06,9,01,70,1,2,21,35,01,03,04,31,31,01,01,10,10,30,10,3,3,2,2,2,2,2,4,360714466,1361531526,7,3
1,52,106,0021,2,000,001,00080,2,0000,208,2020,10,14,16,00,12,1,3,1,14,00,1,00,23,00,23,04,9,01,70,4,2,21,75,45,03,31,31,31,01,00,04,04,10,30,3,3,2,0,2,0,4,2,361155715,1361602850,4,3